Adam Kirby,CB8 9WA
Adam Nicol,NE68 7UL
Adrian Keatley,YO17 9QG
Adrian Nicholls,YO7 3ND
Adrian Wintle,GL14 1QZ
Alan Brown,YO17 8SS
Alan Jones,TA24 7UE
Alan King,SN4 0QZ
Alastair Ralph,WV16 6PQ
Alex Hales,OX17 1AG
Alexandra Dunn,TA21 9LE
Alison Hamilton,TD9 8TB
Amanda Perrett,RH20 1BP
Andi Brown,CB8 7JQ
Andrew Balding,RG20 5PZ
Andrew Crook,DL8 4TJ
Andrew Martin,OX7 4BF
Andrew Wilson,CA10 3SD
Andy Irvine,RH193PN
Ann Duffield,
Anthony Carson,CB8 0TE
Anthony Honeyball,DT8 3HG
Antony Brittain,YO19 5XR
Archie Watson,RG17 8QP
Barry Brennan,RG17 8QW
Barry Murphy,SA33 5DZ
Barry Murtagh,CA4 0NL
Belinda Clarke,WV16 6UR
Ben Case,OX17 1AG
Ben Clarke,DT2 0PD
Ben Haslam,DL8 4QW
Ben Lund,TA5 2EB
Ben Pauling,GL54 3AE
Bernard Llewellyn & Robert Williams,CF81 9NP
Billy Aprahamian,NN12 8DT
Brian Ellison,YO17 9PY
Brian Meehan,SN8 1PN
Brian Rothwell,DL8 5RL
Brian Toomey,CB8 8DW
Bryan Smart,YO7 2HA
Camilla Poulton,BN7 3HZ
Caroline Fryer,NR18 9RB
Carroll Gray,TA5 1AF
Catch Bissett,KY6 3JH
Charles & Adam Pogson,NG22 8HZ
Charles Hills,RG17 8UB
Charlie Appleby,CB8 7PJ
Charlie Clover,CB8 0HZ
Charlie Fellowes,CB8 7BX
Charlie Johnston,DL8 4QZ
Charlie Longsdon,OX7 5QF
Charlie Pike,SO20 6JX
Charlie Wallis,CO77QE
Chelsea Banham,CB8 9HP
Chester Williams,EX36 4JE
Chris Dwyer,CB8 7JH
Chris Gordon,SO21 1JD
Chris Grant,TS22 5PD
Chris Honour,TQ13 7EY
Christian Williams,CF32 0QP
Christine Dunnett,NR9 4PP
Christopher Kellett,L40 5TY
Christopher Mason,NP26 5PE
Claire Dyson,WR11 8LB
Claire Hitch,TA23 0LG
Clare Ellam,TF9 3QW
Clare Hobson,SG8 9SA
Clive Boultbee-Brooks,HR1 4QU
Clive Cox,RG177UN
Colin Teague,TS28 5NE
Conrad Allen,CB8 0NY
Craig Benton,KT18 6DF
Craig Lidster,YO17 9PJ
Cynthia Woods,TN6 3PA
D. J. Jeffreys,WR11 2QU
Daisy Hitchins,DT9 5PH
Damien Wingrove,WV16 6NE
Dan Horsford,SN8 1RS
Dan Skelton,B49 6JR
Daniel & Claire Kubler,RG17 8RG
Daniel O'Brien,TN11 0PU
Daniel Steele,BN5 9BE
Daragh Bourke,DG11 3EY
Dave Roberts,SY5 6NY
David & Nicola Barron,YO7 4HD
David Bridgwater,GL54 1HT
David Dennis,OX17 1AG
David Evans,NP7 8DR
David Flood,GL54 1JJ
David Killahena & Graeme McPherson,GL54 1JH
David Loughnane,TF9 2JP
David Menuisier,RH20 1BP
David O'Meara,YO41 1JX
David Pipe,TA21 9QY
David Rees,SA63 4SL
David Simcock,CB8 0NE
David Thompson,DL2 2UP
David Weston,SN8 4ER
Dean Ivory,WD7 7HU
Dean Summersby,PL15 9SW
Deborah Cole,B93 0JD
Debra Hamer,SA32 8EY
Declan Carroll,YO17 9PZ
Denis Coakley,RG20 7AH
Derek Shaw,LE14 4RA
Des Donovan,CB8 7HF
Diana Grissell,TN32 5HH
Dianne Sayer,CA16 6LS
Dominic Ffrench Davis,RG17 8QE
Don Cantillon,CB8 8LP
Donald McCain,SY14 8AL
Donald Whillans,TD9 8LG
Dr Jon Scargill,CB8 0TE
Dr Richard Newland,WR9 0NQ
Dylan Cunha,CB8 7AA
Ed de Giles,HR8 2LD
Ed Dunlop,CB8 7AA
Ed Walker,RG17 8QX
Edward Bethell,DL8 4TJ
Edward Smyth-Osbourne,RG17 8QH
Ella Pickard,TA3 5RJ
Emma Lavelle,SN8 1RY
Emma-Jane Bishop,GL52 3PW
Eve Johnson Houghton,OX11 9EZ
Ewan Whillans,TD9 9UQ
Faye Bramley,RG17 7BJ
Fergal O'Brien,GL54 4DD
Fionn McSharry,YO60 6RU
Fred Watson,TS21 3HN
Gary & Josh Moore,RH13 6LR
Gary Brown,SN4 0SH
Gary Hanmer,CH3 9LQ
Gary Rutherford,TD8 6NE
Gay Kelleway,CB8 7HA
Gemma Tutty,DL6 3QA
Geoff Oldroyd,
Geoffrey Harker,YO7 3AS
George Baker,KT18 5ND
George Bewley,CA16 6BB
George Boughey,CB8 7JQ
George Margarson,CB8 0NE
George Scott,CB8 0NY
Georgina Nicholls,OX12 9QL
Gihan Arnolda,CB8 8DU
Gillian Boanas,TS13 5LT
Gordon Treacy,EX20 2AL
Grace Harris,NP16 6RL
Grant Tuer,DL7 0EF
Hamad Al Jehani,CB8 7AQ
Harriet Bethell,HU11 5JA
Harriet Brown,DT10 2EN
Harriet Dickin,BA2 8QX
Harry Charlton,
Harry Derham,RG20 8BR
Harry Eustace,CB8 7BX
Harry Fry,DT2 0PD
Harry Ryall,TA18 8FF
Hayley Burton,CB8 0NQ
Heather Main,OX12 9QT
Helen Cuthbert,CA8 9LH
Helen Nelmes,DT2 8HQ
Henrietta C Knight,OX12 8QF
Henry Candy,OX12 9QF
Henry Daly,SY8 3DX
Henry Oliver,WR8 9JR
Hilal Kobeissi,CB8 8LP
Hughie Morrison,RG20 7LB
Hugo Palmer,SY14 8AD
Iain Jardine,DG1 4JX
Ian Chanin,
Ian Duncan,KA6 6HE
Ian Williams,B48 7HL
Ismail Mohammed & Jose Santos,CB8 0TE
Ivan Furtado,YO61 3EN
J. R. Jenkins,SG89NN
J. S. Moore,RG17 8QP
Jack Channon,RG20 7AE
Jack Jones,CB8 0NY
Jack Morland,CB8 0NY
Jackie du Plessis,PL12 4QH
Jackie Stephen,TD6 9JW
Jake Coulson,SK11 0SJ
James Bennett,OX12 9LD
James Evans,WR8 9JR
James Fanshawe,CB8 7DJ
James Horton,CB8 7BT
James Keane,CB8 8DU
James Moffatt,LA11 6PJ
James Owen,CB8 7JQ
James Tate,CB8 7JQ
Jamie Osborne,RG17 8RG
Jamie Snowden,RG17 8QG
Jane Chapple-Hyam,CB8 7BT
Jane Walton,NE19 1LB
Jean McGregor,KY13 0RW
Jedd O'Keeffe,DL8 4TJ
Jennie Candlish,ST13 7ET
Jeremy Scott,TA22 9NY
Jessica Bedi,TS15 9PY
Jessica Macey,DN10 6AS
Jim & Suzi Best,BN7 1UR
Jim Boyle,KT17 4LX
Jim Goldie,G78 4BA
Jimmy Fox,SN8 3EG
Jimmy Frost,TQ11 0HW
Jo Davis,SN67PP
Joanne Foster,LS29 6NS
Joe Ponting,GL12 7RD
Joe Tickle,EX16 9QQ
Joe Tizzard,DT9 5HE
Joel Parkinson & Sue Smith,BD16 3BE
John & Rhys Flint,CF33 6FF
John & Sean Quinn,YO17 9PJ
John & Thady Gosden,CB8 7BY
John Berry,CB8 8LR
John Butler,CB8 7JQ
John David Riches,PR3 6SR
John Dawson,TS12 3HD
John Gallagher,GL56 0SZ
John Mackie,DE65 5AN
John Norton,S75 4BE
John O'Shea,GL14 1LH
John Ryan,CB8 8DU
John Wainwright,YO17 9PJ
Jonathan Barlow,NG12 3BU
Jonathan Portman,RG17 8QU
Jonjo & A.J. O'Neill,GL54 5XU
Joseph Parr,CB8 7JQ
Julia & Shelley Birkett,CB8 7HW
Julian Smith,GL19 4HA
Julie Camacho,YO17 9QE
K. R. Burke,DL8 4TL
Karen Jewell,ME9 8JU
Kathy Turner,DT9 4LN
Katie Scott,TD1 3PE
Katy Price,HR3 5PN
Kayley Woollacott,TA18 8QP
Keiran Burke,DT2 8NY
Kerry Lee,LD8 2HS
Kevin & Lauren Frost,NG23 5RU
Kevin Bishop,TA5 1AF
Kevin Philippart de Foy,CB8 7BY
Kevin Pickard,EX37 9HP
Kevin Ryan,YO7 2HA
Kim Bailey & Mat Nicholls,GL54 4LL
L J Morgan,LE14 4AG
Laura Horsfall,NN12 8HN
Laura Mongan,KT18 6AP
Lawney Hill,OX49 5SJ
Lawrence Mullaney,DN10 5AE
Lemos De Souza,CB8 0NQ
Liam Bailey,DL8 4TL
Linda Blackford,EX16 8ED
Linda Perratt,G75 8RR
Lisa Harrison,CA7 4NE
Lisa Williamson,CW6 0SR
Lizzie Quinlan,CA16 6AL
Louise Allan,CB8 8DW
Lucinda Russell & Michael Scudamore,KY13 9SJ
Lucy Wadham,CB8 7PJ
Luke Dace,RH20 1BP
Lydia Richards,PO18 9LW
Malcolm Saunders,BA5 3EZ
Marco Botti,CB8 7DP
Marcus Tregoning,SP6 3QQ
Mark Hoad,BN7 1LS
Mark Loughnane,DY14 9SA
Mark Pattinson,KT18 5PP
Mark Rimell,OX299NT
Mark Usher,RG17 8QP
Mark Walford,YO60 6QN
Martin Dunne,CB8 7JQ
Martin Keighley,GL56 0RD
Martin Todhunter,CA10 3SD
Martyn Meade,SN8 4HB
Matt Crawley,CB8 0NY
Matt Sheppard,HR8 1RD
Max Comley,BA12 7BY
Max Young,WR9 0PZ
Mel Rowley,WV16 4RS
Michael & David Easterby,YO60 6TN
Michael Appleby,LE15 7EJ
Michael Attwater,KT18 5PP
Michael Bell,CB8 0JT
Michael Blake,BA14 6PE
Michael Chapman,LN83RE
Michael Dods,DL2 3TY
Michael Gates,CV378LW
Michael Herrington,DN21 5SQ
Michael Keady,CB8 7JQ
Michael Madgwick,PO7 6UA
Michael Mullineaux,CW6 9JD
Michael Wigham,CB8 7JQ
Mickey Bowen,SA62 5TB
Micky Fenton,CB8 0TE
Micky Hammond,DL8 4PT
Micky Hammond & Becky Smith,DL8 4PT
Mike Murphy,MK45 5LA
Mike Sowersby,YO17 6UY
Mitchell Hunt & Tim Vaughan,CF71 7HE
Mrs C. Williams,CF62 3AD
Mrs Ilka Gansera-Leveque,CB8 7JQ
Mrs Jane Williams,EX36 4JE
Murty McGrath,ME16 9NR
N. W. Alexander,KY6 3JJ
Neil King,SN4 0QH
Neil Mechie,DL84QL
Neil Mulholland,BA2 7FD
Nick Gifford,BN14 0RT
Nick Kent,DN20 9HP
Nick Littmoden,CB8 7JQ
Nick Scholfield,RG17 8QE
Nicky Henderson,RG17 8UH
Nicky Martin,TA24 7RS
Nicky Richards,CA11 0UJ
Nigel & Willy Twiston-Davies,GL54 3AY
Nigel Hawke,EX16 9QG
Nigel Tinkler,YO17 9QR
Nikki Evans,NP7 8EA
Noel Williams,OX11 9HG
Oli Rix,CB8 7BX
Oliver Cole,OX12 9NW
Oliver Greenall & Josh Guerriero,SY14 7AE
Oliver Signy,RG17 8QH
Ollie Pears,YO17 9PJ
Ollie Sangster,SN8 1PL
Olly Murphy,CV37 9XG
Olly Williams,LN7  6SY
Owen Burrows,RG17 7AQ
P. Charalambous & J. Clutterbuck,CB8 9RR
Paddy Butler,BN7 3QR
Pam Sly,PE6 0PB
Pat Phelan,KT18 6DF
Patrick Chamings,RG26 5JS
Patrick Morris,L34 4AJ
Patrick Neville,DL8 4TJ
Patrick Owens,CB8 8HP
Paul Collins,TS12 3HD
Paul Midgley,YO60 7LS
Paul Nicholls,BA4 6RD
Peter Chapple-Hyam,CB8 8HP
Peter Crate,RH2 8QZ
Peter Niven,YO17 6PN
Peter Winks,S72 0HA
Phil McEntee,CB8 7JQ
Philip Hobbs & Johnson White,TA24 6HA
Philip Kirby,DL10 7QE
Philip McBride,CB8 8LP
Phillip Makin,DL8 4TJ
Polly Gundry,EX11 1PH
R. Mike Smith,KA4 8PB
Rachel Cook & John Bridger,GU30 7EL
Ralph Beckett,SP11 8QQ
Ray Craggs,TS21 3HW
Rebecca Curtis,SA42 0UG
Rebecca Menzies,TS21 2HG
Richard & Peter Fahey,YO17 6TD
Richard Bandey,RG26 5RP
Richard Hannon,SN8 3EG
Richard Hawker,BA11 6QQ
Richard Hobson,GL54 2ND
Richard Hughes,RG17 8QT
Richard Mitford-Slade,TA4 1BG
Richard Phillips,GL56 0YN
Richard Price,HR1 3JG
Richard Rowe,RH20 4AE
Richard Spencer,CB8 7BT
Richenda Ford,DT11 0RT
Rob Summers,B94 5BJ
Robbie Llewellyn,SN4 0SH
Robert Bevis,SY14 8LH
Robert Cowell,CB8 0TT
Robert Edwards,RG17 8QH
Robert Stephens,NP26 3AD
Robert Walford,DT11 0LW
Rod Millman,EX15 2DX
Roger Fell,YO62 7TU
Roger Teal,RG17 8NR
Roger Varian,CB8 7BY
Ron Barr,TS9 5LL
Ronald Harris,NP16 6AN
Ross Burdon,CB8 8DX
Roy Bowring,NG21 9JG
Ruth Carr,YO61 1LT
Ruth Jefferson,YO17 9PJ
Ryan Hatch,GL54 3AZ
S. P. C. Woods,CB8 7BX
Saeed bin Suroor,CB8 7DF
Sam Allwood,SY13 4EA
Sam England,LS20 8EW
Sam Thomas,CF14 0SN
Samantha & Jacqueline Coward,YO60 6PE
Samuel Drinkwater,WR8 9LH
Sandy Forster,TD5 8PP
Sandy Thomson,TD106UN
Sara Bradstock,OX12 9NB
Sara Ender,YO17 8RN
Sarah Hollinshead,WS15 1QF
Sarah Humphrey,CB21 5LP
Sarah Robinson,TA5 1QG
Sarah-Jayne Davies,HR6 0HZ
Scott Dixon,NG25 0TS
Seamus Mullins,SP4 7BL
Seb Spencer,YO17 9PJ
Shaun Lycett,GL56 0YL
Sheena West,BN7 3JN
Sheila Lewis,LD3 0SB
Simon & Ed Crisford,CB8 0TE
Simon Dow,KT18 5LB
Simon Hodgson,RG27 8TG
Simon Pearce,CB8 8DT
Simon Waugh,NE61 3QF
Simon West,DL8 4QQ
Simon Whitaker,LS14 3BP
Sir Mark Prescott Bt,CB8 8DU
Sophie Leech,DT2 8NY
Steph Hollinshead,WS15 4LJ
Stephanie Cassidy,SG8 9NN
Stephen Hanlon,DL8 4PB
Stuart Coltherd,TD7 4QA
Stuart Edmunds,LU7 0JB
Stuart Williams,CB8 0PD
Susan Corbett,NE19 1NT
Susan Gardner,EX6 7SB
Suzzanne France,YO17 9PJ
Syd Hosie,DT9 5LE
T. J. Kent,CB8 7JQ
Thomas Faulkner,NP16 6PL
Thomas Gallagher,WD6 5PD
Tim Easterby,YO17 6TY
Tim Reed,NE47 6NL
Tim Vaughan,CF71 7HE
Tina Jackson,TS13 4TG
Toby Bulgin,RG17 8UF
Toby Lawes,RG17 8QP
Tom Clover,CB8 7AQ
Tom Dascombe,RG17 8QW
Tom Ellis,CV23 9RQ
Tom George,GL6 7QE
Tom Gretton,WR7 4HP
Tom Lacey,HR1 4RJ
Tom Symonds,HR9 6LW
Tom Tate,LS24 9NJ
Tom Ward,RG17 8QP
Tom Weston,WR3 8SX
Tony Carroll,WR10 3LY
Tony Coyle & Kaine Wood,YO17 9PJ
Tony Culhane & Stella Barclay,PR3 1UD
Tony Forbes,ST14 5EX
Tony Newcombe,EX38 7HQ
Tracey Leeson,NN12 8HN
Tracy Waggott,DL16 7HB
Tristan Davidson,CA6 4PS
Venetia Williams,HR1 4TU
Warren Greatrex,RG17 8RG
Wilf Storey,DH8 9DW
William de Best-Turner,RG17 8NT
William Haggas,CB8 7AA
William Knight,CB8 0GU
William Muir & Chris Grassick,RG17 8UG
William Stone,CB21 4BD
Zoe Hawkins,EX15 2JD
